<?xml version="1.0" encoding="UTF-8"?>
<Configuration status="WARN">

    <!-- Appenders: Where and how the logs should be written -->
    <Appenders>

        <!-- Console Appender: Logs are written to the console (standard output) -->
        <Console name="Console" target="SYSTEM_OUT">
            <PatternLayout pattern="%d{yyyy-MM-dd HH:mm:ss} [%t] %-5level: %msg%n%throwable" />
        </Console>

        <!-- File Appender: Logs are written to a file -->
        <File name="File" fileName="logs/app.log" append="false">
            <PatternLayout pattern="%d{yyyy-MM-dd HH:mm:ss} [%t] %-5level: %msg%n%throwable" />
        </File>

    </Appenders>

    <!-- Loggers: Specifies which packages or classes should log at what level -->
    <Loggers>

        <!-- Root Logger: Sets the default logging level for all loggers -->
        <Root level="info">
            <AppenderRef ref="Console" />
            <AppenderRef ref="File" />
        </Root>

        <!-- You can also add specific loggers for certain classes or packages -->
        <Logger name="com.demoblaze" level="debug" additivity="false">
            <AppenderRef ref="Console" />
            <AppenderRef ref="File" />
        </Logger>
    </Loggers>
</Configuration>


